[
  {
    "title": "Components",
    "url": "/components/components-page"
  },

  {
    "title": "Dashboard Analytics",
    "url": "/dashboards/analytics"
  },
  {
    "title": "Dashboard Ecommerce",
    "url": "/dashboards/ecommerce"
  },

  {
    "title": "Advance Cards",
    "url": "/main/widgets/cards/advance"
  },
  {
    "title": "Statistics Cards",
    "url": "/main/widgets/cards/statistics"
  },
  {
    "title": "Analytics Cards",
    "url": "/main/widgets/cards/analytics"
  },
  {
    "title": "Charts",
    "url": "/main/widgets/charts"
  },
  {
    "title": "Illustration Set",
    "url": "/main/widgets/illustration-set"
  },
  {
    "title": "Crypto Icons",
    "url": "/main/widgets/crypto-icons"
  },
  {
    "title": "User Icons",
    "url": "/main/widgets/user-icons"
  },
  {
    "title": "Flags",
    "url": "/main/widgets/flags"
  },

  {
    "title": "Divider",
    "url": "/main/layouts/divider"
  },
  {
    "title": "Grid System",
    "url": "/main/layouts/grid-system"
  },

  {
    "title": "404 Error Page",
    "url": "/pages/error-404"
  },
  {
    "title": "403 Error Page",
    "url": "/pages/error-403"
  },
  {
    "title": "500 Error Page",
    "url": "/pages/error-500"
  },
  {
    "title": "503 Error Page",
    "url": "/pages/error-503"
  },
  {
    "title": "502 Error Page",
    "url": "/pages/error-502"
  },
  {
    "title": "Maintenance",
    "url": "/pages/maintenance"
  },
  {
    "title": "Coming Soon",
    "url": "/pages/coming-soon"
  },

  {
    "title": "Pricing",
    "url": "/pages/pricing"
  },
  {
    "title": "Profile",
    "url": "/pages/profile/personel-information"
  },
  {
    "title": "Profile Notification",
    "url": "/pages/profile/notifications"
  },
  {
    "title": "Profile Activity",
    "url": "/pages/profile/activity"
  },
  {
    "title": "Profile Security",
    "url": "/pages/profile/security"
  },
  {
    "title": "Profile Password Change",
    "url": "/pages/profile/password-change"
  },
  {
    "title": "Profile Social",
    "url": "/pages/profile/connect-with-social"
  },
  {
    "title": "Invoice",
    "url": "/pages/invoice"
  },
  {
    "title": "FAQ",
    "url": "/pages/faq"
  },
  {
    "title": "Knowledge Base 1",
    "url": "/applications/knowledge-base/knowledge-base-1"
  },
  {
    "title": "Knowledge Base 2",
    "url": "/applications/knowledge-base/knowledge-base-2"
  },
  {
    "title": "Blank",
    "url": "/pages/blank-page"
  },
  {
    "title": "Login V1",
    "url": "/pages/authentication/login"
  },
  {
    "title": "Login V2",
    "url": "/pages/authentication-modern/login"
  },
  {
    "title": "Register V1",
    "url": "/pages/authentication/register"
  },
  {
    "title": "Register V2",
    "url": "/pages/authentication-modern/register"
  },
  {
    "title": "Recover Password V1",
    "url": "/pages/authentication/recover-password"
  },
  {
    "title": "Recover Password V2",
    "url": "/pages/authentication-modern/recover-password"
  },
  {
    "title": "Reset Password V1",
    "url": "/pages/authentication/reset-password"
  },
  {
    "title": "Reset Password V2",
    "url": "/pages/authentication-modern/reset-password"
  },
  {
    "title": "Welcome",
    "url": "/pages/welcome"
  },
  {
    "title": "Password is changed",
    "url": "/pages/password-is-changed"
  },
  {
    "title": "Deactivated",
    "url": "/pages/deactivated"
  },
  {
    "title": "Lock",
    "url": "/pages/lock"
  },

  {
    "title": "StyleGuide",
    "url": "/components/general/style-guide"
  },
  {
    "title": "Buttons",
    "url": "/components/general/buttons"
  },
  {
    "title": "Remix Icons",
    "url": "/components/general/remix-icons"
  },
  {
    "title": "Iconly Icons",
    "url": "/components/general/iconly-icons"
  },

  {
    "title": "Breadcrumb",
    "url": "/components/navigation/breadcrumb"
  },
  {
    "title": "Dropdown",
    "url": "/components/navigation/dropdown"
  },
  {
    "title": "Menu",
    "url": "/components/navigation/menu"
  },
  {
    "title": "Pagination",
    "url": "/components/navigation/pagination"
  },

  {
    "title": "Checkbox",
    "url": "/components/data-entry/checkbox"
  },
  {
    "title": "Form",
    "url": "/components/data-entry/form"
  },
  {
    "title": "Input",
    "url": "/components/data-entry/input"
  },
  {
    "title": "Input Number",
    "url": "/components/data-entry/input-number"
  },
  {
    "title": "Input Group",
    "url": "/components/data-entry/input-group"
  },
  {
    "title": "Radio",
    "url": "/components/data-entry/radio"
  },
  {
    "title": "Select",
    "url": "/components/data-entry/select"
  },
  {
    "title": "Slider",
    "url": "/components/data-entry/slider"
  },
  {
    "title": "Switch",
    "url": "/components/data-entry/switch"
  },

  {
    "title": "Avatar",
    "url": "/components/data-display/avatar"
  },
  {
    "title": "Badge",
    "url": "/components/data-display/badge"
  },
  {
    "title": "Card",
    "url": "/components/data-display/card"
  },
  {
    "title": "Carousel",
    "url": "/components/data-display/carousel"
  },
  {
    "title": "Accordion",
    "url": "/components/data-display/accordion"
  },
  {
    "title": "Collapse",
    "url": "/components/data-display/collapse"
  },
  {
    "title": "List",
    "url": "/components/data-display/list"
  },
  {
    "title": "Popover",
    "url": "/components/data-display/popover"
  },
  {
    "title": "Table",
    "url": "/components/data-display/table"
  },
  {
    "title": "Tabs",
    "url": "/components/data-display/tabs"
  },
  {
    "title": "Tooltip",
    "url": "/components/data-display/tooltip"
  },

  {
    "title": "Alert",
    "url": "/components/feedback/alert"
  },
  {
    "title": "Drawer",
    "url": "/components/feedback/drawer"
  },
  {
    "title": "Modal",
    "url": "/components/feedback/modal"
  },
  {
    "title": "Notification",
    "url": "/components/feedback/notification"
  },
  {
    "title": "Progress",
    "url": "/components/feedback/progress"
  },
  {
    "title": "Spinner",
    "url": "/components/feedback/spinner"
  }
]
